idx,Destino_ID,lat,lon
0,100423,41.331323,2.034142
1,103154,41.550570,2.227743
2,115740,42.432896,-2.551776
3,118135,41.610618,2.300494
4,118136,41.943368,2.257421
5,118470,41.610075,2.290380
6,119751,41.540821,2.222496
7,119956,41.792263,2.729823
8,122348,41.608274,2.288537
9,122790,41.596468,2.282058
10,126089,41.474306,2.083860
11,128003,41.613714,2.292026
12,128051,41.538581,2.211281
13,128916,41.536549,2.230297
14,136675,41.939354,2.254115
15,9100040724,41.606885,2.288425
16,9100040748,41.632553,2.298299
17,9100040775,41.544608,2.217888
18,9100040930,41.611157,2.296710
19,9100040967,41.588050,2.241901
20,9100041008,41.612909,2.286948
21,9100041010,41.601443,2.290616
22,9100041053,41.562347,2.229794
23,9100041059,41.618286,2.294693
24,9100041161,41.551477,2.243719
25,9100041355,41.606114,2.300811
26,9100041393,41.565323,2.229146
27,9100041442,41.591130,2.208504
28,9100041485,41.550400,2.249668
29,9100041503,41.551053,2.248644
30,9100041543,41.561669,2.228238
31,9100041564,41.613517,2.290402
32,9100041725,41.608595,2.288901
33,9100041762,41.573134,2.233839
34,9100041774,41.612940,2.291703
35,9100041840,41.573134,2.233839
36,9100041990,41.613639,2.290125
37,9100042037,41.606800,2.290578
38,9100042249,41.605269,2.275348
39,9100042378,41.573134,2.233839
40,9100042414,41.586243,2.239856
41,9100042491,41.604836,2.289352
42,9100042500,41.608424,2.288049
43,9100042612,41.613748,2.289596
44,9100042685,41.585917,2.239653
45,9100042719,41.607889,2.286731
46,9100042801,41.547529,2.265113
47,9100042829,41.600924,2.286601
48,9100042846,41.586243,2.239856
49,9100042964,41.600338,2.296249
50,9100042975,41.605269,2.275348
51,9100043107,41.586300,2.239140
52,9100043144,41.609850,2.302168
53,9100043170,41.600058,2.277620
54,9100043198,41.540498,2.263486
55,9100043317,41.608517,2.239511
56,9100043364,41.606885,2.288425
57,9100043381,41.606800,2.284828
58,9100043408,41.545181,2.268739
59,9100043482,41.573134,2.233839
60,9100043540,41.542545,2.267056
61,9100043594,41.591724,2.338791
62,9100043706,41.587336,2.326058
63,9100043719,41.554415,2.270369
64,9100043749,41.544001,2.212727
65,9100043799,41.613714,2.292026
66,9100043839,41.568786,2.257439
67,9100043853,41.608879,2.290621
68,9100043866,41.609142,2.290283
69,9100043893,41.597957,2.286472
70,9100044002,41.586300,2.239140
71,9100044043,41.573451,2.211077
72,9100044089,41.579884,2.233200
73,9100044099,41.561794,2.257127
74,9100044130,41.609741,2.289555
75,9100044243,41.601331,2.298150
76,9100044282,41.611964,2.285709
77,9100044290,41.562495,2.230057
78,9100044326,41.619556,2.297708
79,9100044359,41.600613,2.211041
80,9100044366,41.553719,2.267259
81,9100044391,41.647503,2.306631
82,9100044399,41.617105,2.294973
83,9100044409,41.618305,2.293063
84,9100044418,41.601614,2.296243
85,9100044419,41.651474,2.230210
86,9100044457,42.056723,2.643502
87,9100044469,41.607935,2.284838
88,9100044480,41.565088,2.272133
89,9100044483,41.614134,2.241521
90,9100047575,41.461238,2.079963
91,9100054533,41.534762,2.229102
92,9100054565,41.544220,2.216728
93,9100054573,41.540111,2.216688
94,9100054639,41.541288,2.210284
95,9100054644,41.539321,2.213440
96,9100054649,41.572941,2.233809
97,9100054707,41.545837,2.206997
98,9100054708,41.538347,2.212220
99,9100054732,41.543383,2.209726
100,9100054744,41.533475,2.217542
101,9100054762,41.535314,2.212765
102,9100054778,41.540666,2.219021
103,9100054838,41.545245,2.211242
104,9100054856,41.548026,2.207937
105,9100054857,41.534261,2.208602
106,9100054872,41.547628,2.219969
107,9100054873,41.543966,2.209127
108,9100054889,41.518508,2.232798
109,9100054896,41.538850,2.213529
110,9100054923,41.527547,2.232291
111,9100054949,41.546707,2.208060
112,9100055030,41.548419,2.207772
113,9100055035,41.540300,2.271578
114,9100055101,41.530751,2.218028
115,9100055108,41.534891,2.214658
116,9100055144,41.543378,2.207743
117,9100055177,41.523035,2.223657
118,9100055224,41.539612,2.209980
119,9100055265,41.539919,2.211876
120,9100055275,41.553815,2.267101
121,9100055329,41.542545,2.267056
122,9100055361,41.525764,2.221822
123,9100055497,41.539468,2.218176
124,9100055505,41.548998,2.205239
125,9100055508,41.537603,2.212664
126,9100055559,41.519886,2.254604
127,9100055568,41.539784,2.212846
128,9100055620,41.538710,2.213336
129,9100055626,41.536598,2.211526
130,9100055679,41.541383,2.209916
131,9100055707,41.538999,2.212766
132,9100055836,41.538710,2.213336
133,9100055925,41.540498,2.263486
134,9100056034,41.544874,2.205318
135,9100056047,41.546259,2.204145
136,9100056059,41.605520,2.286372
137,9100056090,41.539393,2.210880
138,9100056113,41.544080,2.220798
139,9100056384,41.925284,2.254040
140,9100056389,42.052479,2.260093
141,9100056562,41.930408,2.253817
142,9100056628,42.123665,2.250987
143,9100056689,41.918332,2.247915
144,9100056722,41.926024,2.277961
145,9100056988,42.046354,2.262491
146,9100057038,42.047974,2.265782
147,9100057428,41.932909,2.256359
148,9100057483,42.052628,2.260842
149,9100057776,41.925277,2.284270
150,9100057906,42.048603,2.264966
151,9100057926,41.903031,2.284143
152,9100057936,41.930858,2.259253
153,9100058035,41.936818,2.311755
154,9100058168,41.932426,2.247479
155,9100058180,41.925582,2.328720
156,9100058299,41.940987,2.243302
157,9100058399,41.918332,2.247915
158,9100058446,41.940987,2.243302
159,9100058476,41.940987,2.243302
160,9100058499,41.930819,2.250234
161,9100058613,42.053847,2.253160
162,9100058617,41.976481,2.304362
163,9100058670,41.919623,2.256953
164,9100058727,41.930408,2.253817
165,9100058730,41.851856,2.219711
166,9100058772,42.048694,2.253000
167,9100058835,42.073636,2.298188
168,9100058850,41.927242,2.255694
169,9100059021,42.047269,2.258806
170,9100059072,41.899496,2.282579
171,9100059082,42.101593,2.217655
172,9100059144,41.925199,2.253796
173,9100059171,42.050770,2.256546
174,9100059229,41.940430,2.252483
175,9100059282,41.600382,2.285948
176,9100059399,41.930506,2.258080
177,9100059602,41.536464,2.205967
178,9100075744,41.590168,2.326092
179,9100075764,41.547337,2.205914
180,9100076081,41.534973,2.207899
181,9100076545,41.627019,2.298412
182,9100076613,41.604836,2.289352
183,9100087371,41.591116,2.288021
184,9100087801,41.606800,2.284828
185,9100094835,41.608879,2.290621
186,9100097548,41.542330,2.265084
187,9100098069,41.609642,2.283416
188,9100112714,41.526535,2.230247
189,9100120687,41.497224,2.233309
190,9100120794,41.608879,2.290621
191,9100120799,41.613728,2.287919
192,9100120981,41.616406,2.277552
193,9100121589,41.546329,2.219483
194,9100121732,41.540111,2.216688
195,9100122181,42.048603,2.264966
196,9100122540,42.075131,2.296562
197,9100122840,41.600223,2.290332
198,9100125812,41.542545,2.267056
199,9100126286,42.053294,2.252178
200,9100126369,42.047974,2.265782
201,9100126372,42.100873,2.217368
202,9100126373,41.936124,2.264756
203,9100127570,41.921029,2.251894
204,9100127929,41.617067,2.294143
205,9100129120,41.540498,2.263486
206,9100129209,42.042140,2.273320
207,9100129392,41.923517,2.323384
208,9100130145,41.943004,2.247379
209,9100134828,41.931199,2.240379
210,9100134890,41.612891,2.294838
211,9100134891,41.587336,2.326058
212,9100135277,41.930311,2.246258
213,9100135478,41.920697,2.249137
214,9100136123,42.050210,2.254459
215,9100139584,41.587336,2.326058
216,9100145802,41.928238,2.250754
217,9100145874,41.607619,2.284436
218,9100150711,41.565858,2.225023
219,9100150866,41.600598,2.254168
220,9100151073,41.600094,2.288506
221,9100151684,41.552208,2.242234
222,9100153533,41.536247,2.215520
223,9100154524,41.542339,2.268076
224,9100154591,41.542545,2.267056
225,9100158099,41.574478,2.223925
226,9100158492,42.000020,2.284108
227,9100158623,41.984288,2.309861
228,9100158828,41.932376,2.255408
229,9100158833,42.000020,2.284108
230,9100158856,41.928238,2.250754
231,9100158872,42.001440,2.280765
232,9100158946,41.931104,2.253208
233,9100159002,41.936685,2.254869
234,9100159004,41.923210,2.253579
235,9100159110,41.849940,2.229188
236,9100159144,41.938693,2.318224
237,9100159254,42.006632,2.289361
238,9100159296,42.042140,2.273320
239,9100159298,42.000020,2.284108
240,9100159311,42.009454,2.241359
241,9100159383,42.014190,2.242670
242,9100159423,42.016205,2.238856
243,9100159533,42.016368,2.245132
244,9100159640,41.930492,2.253788
245,9100160054,41.990762,2.316924
246,9100160118,41.936207,2.260771
247,9100160124,41.984288,2.309861
248,9100160354,42.000020,2.284108
249,9100161621,41.551043,2.247244
250,9100166608,41.931570,2.258504
251,9100169285,41.608065,2.287323
252,9100169481,41.911105,2.189755
253,9100169606,41.540397,2.263300
254,9100171360,42.046965,2.262729
255,9100180416,41.856119,2.229690
256,9100184449,41.538821,2.213563
257,9100190779,41.535515,2.211448
258,9100194884,41.999981,2.284116
259,9100197987,41.936124,2.264756
260,9100198106,41.541811,2.265636
261,9100199450,41.542162,2.265443
262,9100206311,42.004250,2.296083
263,9100206312,41.932000,2.260728
264,9100206314,41.796741,2.218958
265,9100215822,41.934416,2.253472
266,9100219680,41.602966,2.290860
267,9100219758,41.611021,2.286814
268,9100220279,41.925429,2.282826
269,9100226319,41.605162,2.289417
270,9100227012,41.600215,2.281061
271,9100227177,41.560164,2.221666
272,9100229412,41.551477,2.243719
273,9100230870,41.560674,2.219275
274,9100233605,41.527547,2.232291
275,9100238822,41.527547,2.232291
276,9100239655,41.538165,2.211349
277,9100242346,41.899871,2.282198
278,9100246685,41.544952,2.206446
279,9100246985,42.101916,2.294658
280,9100247403,41.984288,2.309861
281,9100250393,41.604578,2.284582
282,9100250629,42.104831,2.217647
283,9100252058,41.523399,2.223953
284,9100252094,42.046035,2.269832
285,9100252903,41.606885,2.288425
286,9100253034,41.928841,2.243398
287,9100253786,41.600819,2.284991
288,9100255064,41.935955,2.180160
289,9100259166,41.946206,2.259170
290,9100264285,41.528052,2.209484
291,9100264438,41.562848,2.222113
292,9100264654,41.605095,2.290546
293,9100264859,41.581435,2.222220
294,9100270631,41.988645,2.313814
295,9100271543,41.534016,2.210249
296,9100281244,41.543116,2.219026
297,9100281245,41.556835,2.226768
298,9100281570,42.053735,2.243269
299,9100282736,42.074776,2.295978
300,9100283498,41.605274,2.292877
301,9100294904,41.928317,2.252113
302,9100296409,41.545701,2.261799
303,9100296646,41.538595,2.213430
304,9100300991,41.610744,2.239560
305,9100301605,41.582010,2.237337
306,9100304652,41.606114,2.300811
307,9100305166,41.533068,2.207930
308,9100305167,41.530751,2.218028
309,9100310143,41.605299,2.284371
310,9100326018,42.004092,2.278262
311,9100326765,41.547647,2.220435
312,9100332707,42.000020,2.284108
313,9100334134,41.554961,2.268810
314,9100336673,41.548770,2.205299
315,9100337367,41.932580,2.247966
316,9100338195,41.612891,2.294838
317,9100338196,41.602244,2.284853
318,9100338332,41.538955,2.206567
319,9100340260,41.597991,2.290207
320,9100340763,41.621271,2.294643
321,9100341135,41.613639,2.290125
322,9100341736,41.547238,2.205498
323,9100342026,41.941006,2.242308
324,9100342550,41.528679,2.227013
325,9100343446,41.934064,2.262107
326,9100345891,41.929342,2.258170
327,9100348821,41.590882,2.288042
328,9100350872,41.547942,2.219424
329,9100350948,41.985656,2.305737
330,9100354651,41.536824,2.211613
331,9100365812,41.606114,2.300811
332,9100366443,41.544055,2.217529
333,9100366724,41.572719,2.236508
334,9100366732,41.544312,2.219483
335,9100366733,41.543914,2.218990
336,9100366757,41.574475,2.224303
337,9100369663,42.101416,2.217642
338,9100371601,41.620560,2.213236
339,9100371825,41.542549,2.215431
340,9100372136,41.988645,2.313814
341,9100373506,41.540110,2.267935
342,9100373615,41.607636,2.288262
343,9100373640,41.608595,2.288901
344,9100373641,41.608595,2.288901
345,9100374304,41.920584,2.250764
346,9100374429,41.929996,2.255261
347,9100377532,41.533144,2.235363
348,9100378362,42.063195,2.274057
349,9100382635,41.574478,2.223925
350,9100383438,41.984288,2.309861
351,9100385693,41.937876,2.310099
352,9100389125,41.924275,2.260045
353,9100389358,41.929289,2.256557
354,9100397795,41.939777,2.238478
355,9100399265,41.608972,2.286018
356,9100399521,41.925704,2.246415
357,9100403364,41.539612,2.209980
358,9100409671,41.925199,2.253796
359,9100410532,41.619556,2.297708
360,9100410610,42.046704,2.261985
361,9100411152,41.925704,2.246415
362,9100411688,41.619556,2.297708
363,9100413240,41.574478,2.223925
364,9100413328,41.534891,2.214658
365,9100414445,41.589750,2.204847
366,9100416412,41.946983,2.257683
367,9100419900,41.929799,2.254753
368,9100420376,42.011587,2.290393
369,9100420786,41.600819,2.284991
370,9100423519,41.939043,2.253095
371,9100423767,41.591467,2.261449
372,9100424065,41.551043,2.247244
373,9100432797,41.623917,2.293605
374,9100433466,42.003172,2.241584
375,9100443296,38.742235,-0.442619
376,9100443450,41.928471,2.246344
377,9100445926,41.607334,2.286295
378,9100446439,41.946460,2.256035
379,9100447655,41.523399,2.223953
380,9100451636,41.946403,2.239116
381,9100453983,41.925704,2.246415
382,9100461830,42.050770,2.256546
383,9100466233,41.536380,2.217068
384,9100466625,41.930915,2.256203
385,9100467331,41.543008,2.219626
386,9100468310,41.585262,2.210596
387,9100469494,41.607619,2.284436
388,9100471566,41.928317,2.252113
389,9100473327,42.126940,2.257279
390,9100473447,41.890757,2.337028
391,9100473659,41.846251,2.231976
392,9100474233,41.535443,2.435014
393,9100479079,41.606885,2.288425
394,9100479427,42.000361,2.282964
395,9100480482,41.592940,2.290122
396,9100485303,42.003214,2.290407
397,9100486027,41.544204,2.210261
398,9100491082,41.924950,2.284804
399,9100492927,41.932562,2.265932
400,9100493210,41.522614,2.245024
401,9100494258,41.950159,2.282347
402,9100495381,41.595284,2.281489
403,9100495996,41.606661,2.290090
404,9100497770,41.617231,2.294442
405,9100497829,41.545569,2.217966
406,9100498065,41.535897,2.211341
407,9100501076,41.607961,2.287210
408,9100502995,41.613714,2.292026
409,9100503205,41.544055,2.217529
410,9100503664,41.610877,2.239431
411,9100505409,41.523399,2.223953
412,9100505447,41.536458,2.210850
413,9100506888,41.612821,2.286228
414,9100507154,41.611021,2.286814
415,9100507921,41.604753,2.283938
416,9100509767,41.608057,2.288095
417,9100512676,41.551043,2.247244
418,9100513352,41.590882,2.288042
419,9100513427,41.526525,2.249458
420,9100513817,42.050277,2.248451
421,9100513843,41.542545,2.267056
422,9100515642,42.051853,2.253398
423,9100517197,41.539235,2.208575
424,9100517311,42.061877,2.273517
425,9100517366,41.929241,2.255914
426,9100517477,41.537615,2.212828
427,9100519718,41.537615,2.212828
428,9100519725,41.548750,2.208013
429,9100520022,41.608879,2.290621
430,9100520123,41.537528,2.212614
431,9100521595,41.618305,2.293063
432,9100521616,41.596081,2.578315
433,9100521678,41.599944,2.274573
434,9100521875,41.932376,2.255408
435,9100522267,41.537944,2.210773
436,9100522381,41.985352,2.312126
437,9100523486,41.932992,2.261336
438,9100523487,41.943368,2.257421
439,9100523982,41.609029,2.286280
440,9100524060,41.607945,2.293530
441,9100525754,41.606678,2.282952
442,9100526119,41.608008,2.287244
443,9100527263,41.927799,2.241630
444,9100527964,41.940727,2.246956
445,9100528087,42.058186,2.238710
446,9100528985,41.614871,2.373524
447,9100529116,41.925199,2.253796
448,9100529176,41.617105,2.294973
449,9100529300,41.541811,2.265636
450,9100530919,41.543116,2.219026
451,9100530921,41.579884,2.233200
452,9100535918,41.568837,2.034602
453,9100536466,41.534695,2.208433
454,9100536762,41.540300,2.271578
455,9100536947,41.594562,2.237770
456,9100537742,41.551043,2.247244
457,9100538933,41.606114,2.300811
458,9100539485,41.538268,2.211347
459,9100540106,42.005404,2.277775
460,9100540250,41.549295,2.239633
461,9100540782,41.546921,2.208966
462,9100541928,41.927869,2.253946
463,9100542069,41.539348,2.213093
464,9100542312,41.513799,2.240785
465,9100542720,42.051446,2.258303
466,9100542820,41.541348,2.264628
467,9100544203,41.543538,2.209294
468,9100544826,41.547279,2.203721
469,9100545628,41.536247,2.215520
470,9100547001,41.607819,2.242893
471,9100547290,41.613172,2.217870
472,9100550379,41.600215,2.281061
473,9100552330,41.538623,2.214425
474,9100553092,41.612156,2.293106
475,9100553669,41.548881,2.208202
476,9100553915,41.624854,2.296545
477,9100554598,41.605095,2.290546
478,9100556449,41.547647,2.220435
479,9100556483,41.989038,2.310133
480,9100556955,42.042140,2.273320
481,9100558804,41.604836,2.289352
482,9100559291,41.592128,2.282781
483,9100560544,41.575425,2.231921
484,9100562472,42.006632,2.289361
485,9100563070,42.046035,2.269832
486,9100563102,41.930990,2.248591
487,9100563721,41.551043,2.247244
488,9100563722,41.540498,2.263486
489,9100564797,41.930260,2.253396
490,9100565225,41.637352,2.158852
491,9100566100,41.571211,2.231809
492,9100568067,41.609925,2.278118
493,9100568310,41.535880,2.210780
494,9100569006,41.567654,2.227606
495,9100570919,41.608807,2.287812
496,9100572141,41.929051,2.298813
497,9100572378,42.058186,2.238912
498,9100573746,41.930197,2.256553
499,9100574514,41.556043,2.225913
500,9100574583,41.610877,2.239431
501,9100576264,41.548589,2.207587
502,9100576639,41.610877,2.239431
503,9100577666,41.938422,2.318959
504,9100577693,41.859316,2.228736
505,9100577728,41.923210,2.253579
506,9100577732,41.922227,2.259042
507,9100577790,41.931104,2.253208
508,9100579782,41.614238,2.274921
509,9100579824,41.932992,2.261336
510,9100580278,41.427616,2.161296
511,9100582033,41.936927,2.260140
512,9100582097,41.936927,2.260140
513,9100582098,42.003834,2.295136
514,9100583212,41.548036,2.219814
515,9100590492,41.912020,2.188045
516,9100591222,41.609158,2.239292
517,9100591493,41.564013,2.234733
518,9100591545,41.610583,2.238667
519,9100592884,41.943206,2.258075
520,9100593250,42.003577,2.283574
521,9100597250,41.551082,1.040164
522,9100597581,41.582010,2.237337
523,9100601539,41.548148,2.254108
524,9100601682,41.540498,2.263486
525,9100602372,41.629030,2.231522
526,9100606155,42.003577,2.283574
527,9100607527,41.621271,2.294643
528,9100609140,41.925384,2.257122
529,9100609846,42.051307,2.254576
530,9100610240,41.935702,2.259921
531,9100610435,41.544915,2.220243
532,9100612100,41.546990,2.203547
533,9100613076,41.511603,2.241409
534,9100614225,41.898665,2.282524
535,9100616552,41.599746,2.287096
536,9100617121,41.542339,2.268076
537,9100617395,41.542915,2.221265
538,9100617475,41.567654,2.227606
539,9100617812,41.930374,2.256365
540,9100619658,41.607696,2.290002
541,9100620561,41.609465,2.288002
542,9100621389,41.597535,2.288429
543,9100622604,41.542577,2.263950
544,9100623018,41.538710,2.213336
545,9100626406,41.573011,2.235848
546,9100626587,41.609992,2.302936
547,9100627170,42.101426,2.217029
548,9100627485,41.597569,2.242300
549,9100627695,41.925582,2.328720
550,9100627990,41.517218,2.144816
551,9100629126,41.607935,2.284838
552,9100629788,41.535829,2.215909
553,9100629896,41.599703,2.291233
554,9100630014,41.599986,2.290561
555,9100632171,41.932909,2.256359
556,9100632834,41.535509,2.217776
557,9100633076,41.603496,2.287921
558,9100634160,41.951391,2.283847
559,9100634356,42.008933,2.240238
560,9100636960,41.930506,2.258080
561,9100637313,41.999601,2.283013
562,9100639016,42.001147,2.284849
563,9100639032,41.608879,2.290621
564,9100640157,42.015155,2.239918
565,9100641568,41.527431,2.242834
566,9100641799,42.009355,2.301999
567,9100642838,41.928317,2.252113
568,9100643487,41.572044,2.236293
569,9100645059,41.930727,2.249510
570,9100645312,41.608339,2.288435
571,9100646097,41.538549,2.213402
572,9100646795,41.543048,2.211993
573,9100646871,41.575738,2.024970
574,9100647947,41.605095,2.290546
575,9100648495,41.940971,2.253514
576,9100649610,41.935685,2.260251
577,9100650953,41.540300,2.271578
578,9100650976,41.539619,2.263020
579,9100651724,41.927242,2.255694
580,9100651895,41.606642,2.291919
581,9100652615,41.573134,2.233839
582,9100652617,41.600058,2.277620
583,9100652762,42.047179,2.260597
584,9100653307,41.545131,2.216704
585,9100653354,41.607157,2.226912
586,9100653355,41.617256,2.269830
587,9100653427,41.545072,2.205698
588,9100655002,41.533522,2.215826
589,9100655372,41.547999,2.219331
590,9100658142,41.608879,2.290621
591,9100658144,41.613748,2.289596
592,9100658240,42.070695,2.290833
593,9100659648,41.611142,2.277884
594,9100660484,41.536904,2.211937
595,9100661113,41.566831,2.230110
596,9100661227,41.561669,2.228238
597,9100661498,41.609992,2.302936
598,9100663743,41.541629,2.211067
599,9100663784,41.540867,2.219165
600,9100664303,41.609454,2.287857
601,9100665155,41.547536,2.207676
602,9100666589,41.615639,2.217418
603,9100666666,41.927968,2.252587
604,9100666742,41.946044,2.241933
605,9100668218,41.920984,2.251159
606,9100668715,41.920697,2.249137
607,9100669176,42.042258,2.271991
608,9100669500,41.565083,2.227230
609,9100669635,41.933909,2.242707
610,9100669904,41.555571,2.270527
611,9100670399,41.546994,2.204472
612,9100670427,41.562495,2.230057
613,9100670575,42.009755,2.244036
614,9100671265,41.572186,2.235472
615,9100673632,41.932562,2.265932
616,9100675584,41.608517,2.239511
617,9100676061,41.530580,2.185875
618,9100677377,41.607952,2.286669
619,9100677459,41.589994,2.249951
620,9100677847,42.101426,2.217029
621,9100678069,41.933423,2.245420
622,9100678134,41.606114,2.300811
623,9100678295,41.550844,2.243987
624,9100678356,41.224719,1.723867
625,9100678719,41.930653,2.257256
626,9100679516,41.613564,2.238976
627,9100679898,41.609158,2.239292
628,9100679906,41.518752,2.232832
629,9100680026,41.604935,2.287564
630,9100680393,41.541756,2.212880
631,9100681160,41.592642,2.264244
632,9100681218,41.604753,2.283938
633,9100681243,42.008243,2.281748
634,9100681544,41.619556,2.297708
635,9100682040,41.934416,2.253472
636,9100682415,41.608595,2.288901
637,9100682473,41.609642,2.283416
638,9100682560,42.109323,2.210945
639,9100683566,41.638043,2.236990
640,9100683728,41.549758,2.245471
641,9100684101,41.544694,2.217975
642,9100684195,41.538042,2.214186
643,9100686742,41.536503,2.206440
644,9100687352,42.048034,2.263129
645,9100687896,41.575738,2.024970
646,9100688668,41.547965,2.207612
647,9100691332,42.101928,2.216690
648,9100692245,41.561669,2.228238
649,9100694685,42.003528,2.285927
650,9100694999,42.049903,2.262783
651,9100695039,41.541670,2.207361
652,9100695182,41.545986,2.210377
653,9100695278,41.608570,2.285838
654,9100696143,41.477211,2.188616
655,9100698329,41.586300,2.239140
656,9100698420,41.561845,2.229052
657,9100698675,41.435662,2.226909
658,9100698744,41.538729,2.214387
659,9100698912,41.597012,2.288545
660,9100699710,41.607706,2.283492
661,9100700207,41.931187,2.254244
662,9100700301,41.592940,2.290122
663,9100700874,41.609992,2.302936
664,9100701166,41.546000,2.208720
665,9100701291,41.575294,2.249164
666,9100701777,41.586336,2.280992
667,9100702482,41.608879,2.290621
668,9100702970,41.540214,2.211742
669,9100703223,42.125515,2.219654
670,9100703436,41.930050,2.255549
671,9100703647,41.606661,2.290090
672,9100703787,41.925476,2.282754
673,9100708130,41.545733,2.207969
674,9100716110,42.045010,2.272013
675,9100717340,41.608703,2.286205
676,9100717355,41.607506,2.240180
677,9100717724,41.933909,2.242707
678,9100718615,41.591116,2.288021
679,9100721293,41.553607,2.230115
680,9100722247,42.001222,2.286075
681,9100722376,42.007400,2.292871
682,9100722593,41.981413,2.309675
683,9100723081,41.841766,2.250990
684,9100723139,41.674435,2.209821
685,9100723264,41.481027,2.035849
686,9100723316,41.600215,2.281061
687,9100723869,42.054711,2.257411
688,9100724298,41.542243,2.264912
689,9100725280,41.548452,2.206748
690,9100725292,41.544490,2.263859
691,9100725417,41.542339,2.268076
692,9100726583,41.540300,2.271578
693,9100726650,41.609158,2.239292
694,9100727009,41.930535,2.255095
695,9100727035,41.924119,2.322177
696,9100727703,41.539612,2.209980
697,9100727750,41.604557,2.288142
698,9100729132,41.620560,2.213236
699,9100729258,41.607553,2.290592
700,9100729943,41.551043,2.247244
701,9100729954,41.376372,2.166367
702,9100730075,41.928405,2.254710
703,9100730939,41.604278,2.291264
704,9100731896,41.544956,2.212899
705,9100731938,42.068852,2.290817
706,9100732766,41.610075,2.290380
707,9100733355,41.621178,2.300617
708,9100733360,41.538860,2.217610
709,9100735422,41.557427,2.252341
710,9100735547,41.647503,2.306631
711,9100735783,41.940042,2.250364
712,9100735784,41.949359,2.250376
713,9100736185,42.244095,2.313442
714,9100736216,41.929745,2.255116
715,9100736219,41.879243,2.511263
716,9100736220,42.317665,2.135194
717,9100736222,41.952056,2.326706
718,9100736227,41.815446,2.513035
719,9100736228,42.330346,2.311787
720,9100736229,42.264500,2.367723
721,9100736244,42.305260,2.166990
722,9100736259,41.973421,2.346359
723,9100736266,42.088247,2.145974
724,9100736411,42.313841,2.364572
725,9100736469,41.455953,2.218977
726,9100736471,41.372577,2.067348
727,9100736486,41.438236,2.216669
728,9100736601,41.431337,2.217863
729,9100737231,41.612891,2.294838
730,9100737399,41.651916,2.218326
731,9100737822,41.376372,2.166367
732,9100738166,41.612891,2.294838
733,9100739178,42.233128,2.286763
734,9100740330,41.537993,2.214525
735,9100740458,41.560866,1.998741
736,9100740503,41.920584,2.250764
737,9100742280,41.654401,2.229650
738,9100742290,41.929051,2.298813
739,9100742484,41.548374,2.207441
740,9100742644,41.601614,2.296243
741,9100742873,41.935080,2.267016
742,9100743172,41.597991,2.290207
743,9100743215,41.903509,2.281774
744,9100743554,41.552208,2.242234
745,9100743595,41.541162,2.075403
746,9100743597,41.548045,2.027546
747,9100743608,41.557743,2.018727
748,9100743845,41.608191,2.285836
749,9100743868,41.597012,2.288545
750,9100744181,41.605725,2.238985
751,9100744232,41.609541,2.285791
752,9100744307,41.547429,2.203361
753,9100745043,41.600264,2.290439
754,9100745325,41.615367,2.211140
755,9100745447,41.547811,2.219655
756,9100745478,41.933126,2.241895
757,9100745490,41.930763,2.246250
758,9100745792,41.552208,2.242234
759,9100745929,41.571559,2.024162
760,9100745932,41.553210,2.021589
761,9100746500,41.929322,2.256373
762,9100746832,41.946289,2.255043
763,9100746984,41.546052,2.206907
764,9100746992,41.554665,2.233547
765,9100747036,41.604557,2.288142
766,9100747490,41.562490,2.027674
767,9100747591,41.609850,2.302168
768,9100748566,41.931418,2.259441
769,9100749021,41.551053,2.248644
770,9100749745,41.537544,2.440144
771,9100750130,41.547612,2.221660
772,9100750645,41.608879,2.290621
773,9100750960,41.554961,2.268810
774,9100751000,41.408296,2.138411
775,9100751056,41.932157,2.253376
776,9100751813,41.554576,1.949556
777,9100751859,41.617894,2.287884
778,9100751879,41.612566,2.286896
779,9100752144,41.943181,2.257568
780,9100752651,41.932157,2.253376
781,9100752742,41.553719,2.267259
782,9100752860,41.924354,2.250692
783,9100755440,41.925066,2.245647
784,9100755589,41.638890,2.233625
785,9100755674,41.612891,2.294838
786,9100755818,41.930727,2.249510
787,9100755962,41.548012,2.221219
788,9100756188,42.047343,2.263495
789,9100756365,41.610075,2.290380
790,9100756398,41.537305,2.212044
791,9100756811,41.567321,2.228649
792,9100756820,41.615328,2.290970
793,9100756958,41.578952,2.236280
794,9100757467,41.518508,2.232798
795,9100757477,41.518716,2.232612
796,9100758135,42.000020,2.284108
797,9100758269,41.613701,2.296286
798,9100758280,41.617027,2.296852
799,9100758360,41.602315,2.199076
800,9100759429,41.953292,2.262327
801,9100759612,41.572719,2.236508
802,9100759982,42.002773,2.281916
803,9100760072,41.929817,2.257919
804,9100760131,41.541186,2.214040
805,9100761572,41.597535,2.288429
806,9100761780,38.415470,-0.960269
807,9100761848,41.558080,2.218887
808,9100762486,41.593655,2.288749
809,9100762714,41.536464,2.205967
810,9100764052,41.597993,2.284474
811,9100764101,41.535861,2.210398
812,9100764653,41.632410,1.003074
813,9100764737,41.617894,2.287884
814,9100764980,41.618894,2.297281
815,9100765851,41.592940,2.290122
816,9100766575,41.928472,2.259685
817,9100766615,42.001774,2.281600
818,9100767153,41.554918,2.216636
819,9100767161,41.930572,2.253135
820,9100767546,41.533475,2.217542
821,9100767754,41.926198,2.246843
822,9100767890,41.218988,1.723466
823,9100771401,41.928087,2.246984
824,9100772092,41.271524,1.977855
825,LOG_CENTRAL_01,40.416800,-3.703800
826,LOG_ESTE_03,40.430000,-3.550000
827,LOG_NORTE_02,40.489000,-3.682000
828,LOG_OESTE_09,40.420000,-3.820000
829,LOG_SUR_05,40.350000,-3.715000
